ID,Template,Decision
CJ260511-13-R42,Folding clothes on the bed,Approve
CJ260512-20-R182,Test tube sorting,Approve
CJ260512-20-R183,Test tube sorting,Approve
CJ260512-20-R184,Test tube sorting,Approve
CJ260512-20-R186,Test tube sorting,Approve
CJ260512-20-R188,Test tube sorting,Approve
CJ260512-20-R189,Test tube sorting,Approve
CJ260512-20-R190,Test tube sorting,Approve
CJ260512-20-R194,Test tube sorting,Approve
CJ260512-20-R191,Test tube sorting,Approve
CJ260512-20-R196,Test tube sorting,Imperfect
CJ260512-20-R198,Test tube sorting,Approve
CJ260512-20-R199,Test tube sorting,Imperfect
CJ260512-20-R200,Test tube sorting,Approve
CJ260512-21-R173,Test tube sorting,Imperfect
CJ260512-21-R175,Test tube sorting,Imperfect
CJ260512-21-R174,Test tube sorting,Imperfect
CJ260512-21-R176,Test tube sorting,Imperfect
CJ260512-21-R177,Test tube sorting,Imperfect
CJ260512-21-R179,Test tube sorting,Imperfect
CJ260512-21-R180,Test tube sorting,Imperfect
CJ260512-21-R181,Test tube sorting,Approve
CJ260512-21-R184,Test tube sorting,Imperfect
CJ260512-21-R185,Test tube sorting,Imperfect
CJ260512-21-R187,Test tube sorting,Imperfect
CJ260512-21-R188,Test tube sorting,Imperfect
CJ260512-21-R190,Test tube sorting,Imperfect
CJ260512-21-R191,Test tube sorting,Imperfect
CJ260512-21-R193,Test tube sorting,Imperfect
CJ260512-21-R195,Test tube sorting,Imperfect
CJ260512-21-R196,Test tube sorting,Approve
CJ260512-22-R188,Test tube sorting,Approve
CJ260512-21-R197,Test tube sorting,Imperfect
CJ260512-22-R189,Test tube sorting,Approve
CJ260512-22-R191,Test tube sorting,Approve
CJ260512-22-R190,Test tube sorting,Approve
CJ260512-22-R192,Test tube sorting,Approve
CJ260512-22-R193,Test tube sorting,Approve
CJ260512-22-R195,Test tube sorting,Approve
CJ260512-22-R194,Test tube sorting,Approve
CJ260512-22-R196,Test tube sorting,Approve
CJ260512-22-R197,Test tube sorting,Approve
CJ260512-22-R198,Test tube sorting,Imperfect
CJ260512-22-R199,Test tube sorting,Approve
CJ260512-22-R200,Test tube sorting,Approve
CJ260512-26-R170,Folding clothes on the bed,Approve
CJ260512-26-R175,Folding clothes on the bed,Approve
CJ260512-26-R179,Folding clothes on the bed,Imperfect
CJ260512-26-R185,Folding clothes on the bed,Approve
CJ260512-26-R186,Folding clothes on the bed,Approve
CJ260512-26-R187,Folding clothes on the bed,Imperfect
CJ260512-26-R188,Folding clothes on the bed,Imperfect
CJ260512-26-R189,Folding clothes on the bed,Imperfect
CJ260512-26-R191,Folding clothes on the bed,Approve
CJ260512-26-R193,Folding clothes on the bed,Imperfect
CJ260512-26-R194,Folding clothes on the bed,Imperfect
CJ260512-26-R195,Folding clothes on the bed,Imperfect
CJ260512-26-R197,Folding clothes on the bed,Imperfect
CJ260512-26-R200,Folding clothes on the bed,Imperfect
CJ260506-13-R100,Desktop stationary organization,Approve
CJ260506-13-R101,Desktop stationary organization,Approve
CJ260506-13-R102,Desktop stationary organization,Approve
CJ260506-13-R103,Desktop stationary organization,Imperfect
CJ260506-13-R104,Desktop stationary organization,Approve
CJ260506-13-R105,Desktop stationary organization,Imperfect
CJ260506-13-R106,Desktop stationary organization,Approve
CJ260506-13-R107,Desktop stationary organization,Approve
CJ260506-13-R108,Desktop stationary organization,Imperfect
CJ260506-13-R109,Desktop stationary organization,Approve
CJ260506-13-R110,Desktop stationary organization,Approve
CJ260506-13-R111,Desktop stationary organization,Approve
CJ260506-13-R112,Desktop stationary organization,Approve
CJ260506-13-R114,Desktop stationary organization,Imperfect
CJ260506-13-R115,Desktop stationary organization,Approve
CJ260506-13-R116,Desktop stationary organization,Approve
CJ260506-13-R117,Desktop stationary organization,Approve
CJ260506-13-R118,Desktop stationary organization,Approve
CJ260506-13-R119,Desktop stationary organization,Approve
CJ260506-13-R120,Desktop stationary organization,Approve
CJ260506-13-R121,Desktop stationary organization,Approve
CJ260506-13-R122,Desktop stationary organization,Approve
CJ260506-13-R123,Desktop stationary organization,Approve
CJ260506-13-R124,Desktop stationary organization,Approve
CJ260506-13-R125,Desktop stationary organization,Approve
CJ260506-13-R126,Desktop stationary organization,Approve
CJ260506-13-R127,Desktop stationary organization,Approve
CJ260506-13-R128,Desktop stationary organization,Approve
CJ260506-13-R129,Desktop stationary organization,Approve
CJ260506-13-R130,Desktop stationary organization,Approve
CJ260506-13-R132,Desktop stationary organization,Approve
CJ260506-13-R133,Desktop stationary organization,Approve
CJ260506-13-R136,Desktop stationary organization,Approve
CJ260506-13-R139,Desktop stationary organization,Approve
CJ260506-13-R140,Desktop stationary organization,Approve
CJ260506-13-R143,Desktop stationary organization,Approve
CJ260506-13-R144,Desktop stationary organization,Approve
CJ260506-13-R171,Desktop stationary organization,Approve
CJ260506-13-R172,Desktop stationary organization,Approve
CJ260506-13-R174,Desktop stationary organization,Imperfect
CJ260506-13-R175,Desktop stationary organization,Approve
CJ260506-13-R176,Desktop stationary organization,Approve
CJ260506-13-R177,Desktop stationary organization,Approve
CJ260506-13-R178,Desktop stationary organization,Imperfect
CJ260506-13-R179,Desktop stationary organization,Approve
CJ260506-13-R181,Desktop stationary organization,Approve
CJ260506-13-R184,Desktop stationary organization,Approve
CJ260506-13-R185,Desktop stationary organization,Approve
CJ260506-13-R186,Desktop stationary organization,Approve
CJ260506-13-R190,Desktop stationary organization,Approve
CJ260506-13-R191,Desktop stationary organization,Approve
CJ260506-13-R192,Desktop stationary organization,Approve
CJ260506-13-R193,Desktop stationary organization,Approve
CJ260506-13-R194,Desktop stationary organization,Approve
CJ260506-13-R195,Desktop stationary organization,Approve
CJ260506-13-R196,Desktop stationary organization,Approve
CJ260506-13-R197,Desktop stationary organization,Approve
CJ260506-13-R198,Desktop stationary organization,Approve
CJ260506-13-R200,Desktop stationary organization,Approve
CJ260506-13-R54,Desktop stationary organization,Approve
CJ260506-13-R55,Desktop stationary organization,Approve
CJ260506-13-R56,Desktop stationary organization,Approve
CJ260506-13-R57,Desktop stationary organization,Approve
CJ260506-13-R58,Desktop stationary organization,Approve
CJ260506-13-R59,Desktop stationary organization,Approve
CJ260506-13-R60,Desktop stationary organization,Approve
CJ260506-13-R61,Desktop stationary organization,Approve
CJ260506-13-R62,Desktop stationary organization,Approve
CJ260506-13-R63,Desktop stationary organization,Approve
CJ260506-13-R64,Desktop stationary organization,Approve
CJ260506-13-R66,Desktop stationary organization,Approve
CJ260506-13-R67,Desktop stationary organization,Approve
CJ260506-13-R68,Desktop stationary organization,Approve
CJ260506-13-R69,Desktop stationary organization,Imperfect
CJ260506-13-R71,Desktop stationary organization,Approve
CJ260506-13-R73,Desktop stationary organization,Approve
CJ260506-13-R74,Desktop stationary organization,Approve
CJ260506-13-R75,Desktop stationary organization,Imperfect
CJ260506-13-R76,Desktop stationary organization,Approve
CJ260506-13-R78,Desktop stationary organization,Approve
CJ260506-13-R79,Desktop stationary organization,Approve
CJ260506-13-R82,Desktop stationary organization,Approve
CJ260506-13-R83,Desktop stationary organization,Approve
CJ260506-13-R84,Desktop stationary organization,Approve
CJ260506-13-R85,Desktop stationary organization,Approve
CJ260506-13-R86,Desktop stationary organization,Approve
CJ260506-13-R87,Desktop stationary organization,Approve
CJ260506-13-R88,Desktop stationary organization,Approve
CJ260506-13-R89,Desktop stationary organization,Approve
CJ260506-13-R90,Desktop stationary organization,Approve
CJ260506-13-R91,Desktop stationary organization,Approve
CJ260506-13-R92,Desktop stationary organization,Approve
CJ260506-13-R93,Desktop stationary organization,Approve
CJ260506-13-R94,Desktop stationary organization,Approve
CJ260506-13-R95,Desktop stationary organization,Approve
CJ260506-13-R96,Desktop stationary organization,Approve
CJ260506-13-R99,Desktop stationary organization,Approve
CJ260511-12-R19,Folding clothes on the bed,Approve
CJ260511-12-R22,Folding clothes on the bed,Imperfect
CJ260511-12-R27,Folding clothes on the bed,Approve
CJ260511-12-R29,Folding clothes on the bed,Imperfect
CJ260511-12-R30,Folding clothes on the bed,Imperfect
CJ260511-12-R31,Folding clothes on the bed,Imperfect
CJ260511-12-R33,Folding clothes on the bed,Reject
CJ260511-12-R37,Folding clothes on the bed,Imperfect
CJ260511-12-R40,Folding clothes on the bed,Reject
CJ260511-12-R41,Folding clothes on the bed,Approve
CJ260511-12-R45,Folding clothes on the bed,Approve
CJ260511-12-R46,Folding clothes on the bed,Reject
CJ260511-12-R47,Folding clothes on the bed,Imperfect
CJ260511-12-R48,Folding clothes on the bed,Approve
CJ260511-12-R53,Folding clothes on the bed,Approve
CJ260511-12-R54,Folding clothes on the bed,Imperfect
CJ260511-12-R56,Folding clothes on the bed,Imperfect
CJ260511-36-R101,Pouring water in a tea restaurant,Imperfect
CJ260511-36-R117,Pouring water in a tea restaurant,Imperfect
CJ260511-36-R122,Pouring water in a tea restaurant,Approve
CJ260511-36-R129,Pouring water in a tea restaurant,Imperfect
CJ260511-36-R139,Pouring water in a tea restaurant,Approve
CJ260511-36-R141,Pouring water in a tea restaurant,Reject
CJ260511-36-R154,Pouring water in a tea restaurant,Approve
CJ260511-36-R156,Pouring water in a tea restaurant,Approve
CJ260511-36-R157,Pouring water in a tea restaurant,Imperfect
CJ260511-36-R158,Pouring water in a tea restaurant,Approve
CJ260511-36-R159,Pouring water in a tea restaurant,Approve
CJ260512-14-R20,Organize the coffee table 2.0,Approve
CJ260512-14-R21,Organize the coffee table 2.0,Approve
CJ260512-14-R23,Organize the coffee table 2.0,Approve
CJ260512-14-R24,Organize the coffee table 2.0,Approve
CJ260512-14-R25,Organize the coffee table 2.0,Approve
CJ260512-14-R26,Organize the coffee table 2.0,Approve
CJ260512-14-R27,Organize the coffee table 2.0,Imperfect
CJ260512-14-R28,Organize the coffee table 2.0,Approve
CJ260512-14-R29,Organize the coffee table 2.0,Approve
CJ260512-14-R30,Organize the coffee table 2.0,Approve
CJ260512-14-R31,Organize the coffee table 2.0,Approve
CJ260512-14-R32,Organize the coffee table 2.0,Imperfect
CJ260512-14-R33,Organize the coffee table 2.0,Approve
CJ260512-14-R34,Organize the coffee table 2.0,Approve
CJ260512-14-R35,Organize the coffee table 2.0,Approve
CJ260512-14-R36,Organize the coffee table 2.0,Approve
CJ260512-14-R37,Organize the coffee table 2.0,Approve
CJ260512-14-R38,Organize the coffee table 2.0,Approve
CJ260512-14-R39,Organize the coffee table 2.0,Approve
CJ260512-14-R40,Organize the coffee table 2.0,Imperfect
CJ260512-14-R41,Organize the coffee table 2.0,Approve
CJ260512-14-R42,Organize the coffee table 2.0,Imperfect
CJ260512-14-R43,Organize the coffee table 2.0,Reject
CJ260512-14-R44,Organize the coffee table 2.0,Imperfect
CJ260512-14-R45,Organize the coffee table 2.0,Approve
CJ260512-14-R46,Organize the coffee table 2.0,Approve
CJ260512-14-R49,Organize the coffee table 2.0,Approve
CJ260512-14-R51,Organize the coffee table 2.0,Approve
CJ260512-14-R52,Organize the coffee table 2.0,Approve
CJ260512-14-R53,Organize the coffee table 2.0,Imperfect
CJ260512-14-R55,Organize the coffee table 2.0,Approve
CJ260512-14-R57,Organize the coffee table 2.0,Approve
CJ260512-14-R58,Organize the coffee table 2.0,Approve
CJ260512-14-R59,Organize the coffee table 2.0,Approve
CJ260512-14-R60,Organize the coffee table 2.0,Approve
CJ260512-14-R61,Organize the coffee table 2.0,Approve
CJ260512-14-R62,Organize the coffee table 2.0,Approve
CJ260512-14-R63,Organize the coffee table 2.0,Imperfect
CJ260512-14-R64,Organize the coffee table 2.0,Imperfect
CJ260512-14-R65,Organize the coffee table 2.0,Approve
CJ260512-14-R66,Organize the coffee table 2.0,Approve
CJ260512-14-R67,Organize the coffee table 2.0,Approve
CJ260512-14-R68,Organize the coffee table 2.0,Approve
CJ260512-14-R69,Organize the coffee table 2.0,Reject
CJ260512-14-R70,Organize the coffee table 2.0,Approve
CJ260512-14-R72,Organize the coffee table 2.0,Approve
CJ260512-14-R73,Organize the coffee table 2.0,Imperfect
CJ260512-14-R74,Organize the coffee table 2.0,Approve
CJ260512-14-R76,Organize the coffee table 2.0,Imperfect
CJ260512-14-R77,Organize the coffee table 2.0,Approve
CJ260512-14-R78,Organize the coffee table 2.0,Imperfect
CJ260512-14-R80,Organize the coffee table 2.0,Approve
CJ260512-14-R81,Organize the coffee table 2.0,Approve
CJ260512-14-R83,Organize the coffee table 2.0,Approve
CJ260512-14-R84,Organize the coffee table 2.0,Approve
CJ260512-14-R86,Organize the coffee table 2.0,Approve
CJ260512-14-R87,Organize the coffee table 2.0,Approve
CJ260512-14-R88,Organize the coffee table 2.0,Approve
CJ260512-14-R89,Organize the coffee table 2.0,Approve
CJ260512-14-R90,Organize the coffee table 2.0,Imperfect
CJ260512-14-R91,Organize the coffee table 2.0,Approve
CJ260512-14-R92,Organize the coffee table 2.0,Approve
CJ260512-14-R93,Organize the coffee table 2.0,Approve
CJ260512-14-R94,Organize the coffee table 2.0,Approve
CJ260512-14-R95,Organize the coffee table 2.0,Approve
CJ260512-14-R96,Organize the coffee table 2.0,Approve
CJ260512-14-R99,Organize the coffee table 2.0,Approve
CJ260512-16-R100,Clean up the trash on the desktop,Approve
CJ260512-16-R102,Clean up the trash on the desktop,Approve
CJ260512-16-R103,Clean up the trash on the desktop,Approve
CJ260512-16-R104,Clean up the trash on the desktop,Reject
CJ260512-16-R106,Clean up the trash on the desktop,Imperfect
CJ260512-16-R107,Clean up the trash on the desktop,Approve
CJ260512-16-R110,Clean up the trash on the desktop,Approve
CJ260512-16-R114,Clean up the trash on the desktop,Imperfect
CJ260512-16-R116,Clean up the trash on the desktop,Approve
CJ260512-16-R118,Clean up the trash on the desktop,Approve
CJ260512-16-R120,Clean up the trash on the desktop,Approve
CJ260512-16-R122,Clean up the trash on the desktop,Reject
CJ260512-16-R125,Clean up the trash on the desktop,Imperfect
CJ260512-16-R128,Clean up the trash on the desktop,Approve
CJ260512-16-R130,Clean up the trash on the desktop,Reject
CJ260512-16-R131,Clean up the trash on the desktop,Reject
CJ260512-16-R133,Clean up the trash on the desktop,Approve
CJ260512-16-R136,Clean up the trash on the desktop,Approve
CJ260512-16-R138,Clean up the trash on the desktop,Reject
CJ260512-16-R139,Clean up the trash on the desktop,Reject
CJ260512-16-R140,Clean up the trash on the desktop,Approve
CJ260512-16-R142,Clean up the trash on the desktop,Reject
CJ260512-16-R147,Clean up the trash on the desktop,Reject
CJ260512-16-R148,Clean up the trash on the desktop,Reject
CJ260512-16-R149,Clean up the trash on the desktop,Reject
CJ260512-16-R151,Clean up the trash on the desktop,Reject
CJ260512-16-R153,Clean up the trash on the desktop,Reject
CJ260512-16-R154,Clean up the trash on the desktop,Reject
CJ260512-16-R155,Clean up the trash on the desktop,Imperfect
CJ260512-16-R158,Clean up the trash on the desktop,Imperfect
CJ260512-16-R159,Clean up the trash on the desktop,Approve
CJ260512-16-R161,Clean up the trash on the desktop,Approve
CJ260512-16-R163,Clean up the trash on the desktop,Imperfect
CJ260512-16-R164,Clean up the trash on the desktop,Imperfect
CJ260512-16-R165,Clean up the trash on the desktop,Approve
CJ260512-16-R166,Clean up the trash on the desktop,Reject
CJ260512-16-R167,Clean up the trash on the desktop,Imperfect
CJ260512-16-R168,Clean up the trash on the desktop,Reject
CJ260512-16-R170,Clean up the trash on the desktop,Approve
CJ260512-16-R171,Clean up the trash on the desktop,Approve
CJ260512-16-R174,Clean up the trash on the desktop,Approve
CJ260512-16-R175,Clean up the trash on the desktop,Imperfect
CJ260512-16-R177,Clean up the trash on the desktop,Imperfect
CJ260512-16-R178,Clean up the trash on the desktop,Approve
CJ260512-16-R179,Clean up the trash on the desktop,Imperfect
CJ260512-16-R182,Clean up the trash on the desktop,Reject
CJ260512-16-R183,Clean up the trash on the desktop,Reject
CJ260512-16-R184,Clean up the trash on the desktop,Approve
CJ260512-16-R185,Clean up the trash on the desktop,Reject
CJ260512-16-R187,Clean up the trash on the desktop,Approve
CJ260512-16-R188,Clean up the trash on the desktop,Approve
CJ260512-16-R189,Clean up the trash on the desktop,Imperfect
CJ260512-16-R190,Clean up the trash on the desktop,Approve
CJ260512-16-R191,Clean up the trash on the desktop,Approve
CJ260512-16-R193,Clean up the trash on the desktop,Reject
CJ260512-16-R195,Clean up the trash on the desktop,Approve
CJ260512-16-R197,Clean up the trash on the desktop,Approve
CJ260512-16-R200,Clean up the trash on the desktop,Reject
CJ260512-16-R27,Clean up the trash on the desktop,Approve
CJ260512-16-R29,Clean up the trash on the desktop,Reject
CJ260512-16-R30,Clean up the trash on the desktop,Approve
CJ260512-16-R31,Clean up the trash on the desktop,Approve
CJ260512-16-R32,Clean up the trash on the desktop,Reject
CJ260512-16-R33,Clean up the trash on the desktop,Imperfect
CJ260512-16-R37,Clean up the trash on the desktop,Reject
CJ260512-16-R38,Clean up the trash on the desktop,Approve
CJ260512-16-R40,Clean up the trash on the desktop,Approve
CJ260512-16-R41,Clean up the trash on the desktop,Approve
CJ260512-16-R42,Clean up the trash on the desktop,Approve
CJ260512-16-R43,Clean up the trash on the desktop,Approve
CJ260512-16-R44,Clean up the trash on the desktop,Reject
CJ260512-16-R45,Clean up the trash on the desktop,Reject
CJ260512-16-R46,Clean up the trash on the desktop,Approve
CJ260512-16-R47,Clean up the trash on the desktop,Approve
CJ260512-16-R48,Clean up the trash on the desktop,Reject
CJ260512-16-R50,Clean up the trash on the desktop,Reject
CJ260512-16-R51,Clean up the trash on the desktop,Approve
CJ260512-16-R52,Clean up the trash on the desktop,Approve
CJ260512-16-R53,Clean up the trash on the desktop,Approve
CJ260512-16-R54,Clean up the trash on the desktop,Reject
CJ260512-16-R55,Clean up the trash on the desktop,Approve
CJ260512-16-R56,Clean up the trash on the desktop,Reject
CJ260512-16-R57,Clean up the trash on the desktop,Reject
CJ260512-16-R58,Clean up the trash on the desktop,Approve
CJ260512-16-R59,Clean up the trash on the desktop,Approve
CJ260512-16-R60,Clean up the trash on the desktop,Reject
CJ260512-16-R61,Clean up the trash on the desktop,Approve
CJ260512-16-R62,Clean up the trash on the desktop,Approve
CJ260512-16-R64,Clean up the trash on the desktop,Reject
CJ260512-16-R63,Clean up the trash on the desktop,Imperfect
CJ260512-16-R66,Clean up the trash on the desktop,Imperfect
CJ260512-16-R65,Clean up the trash on the desktop,Reject
CJ260512-16-R67,Clean up the trash on the desktop,Approve
CJ260512-16-R69,Clean up the trash on the desktop,Imperfect
CJ260512-16-R68,Clean up the trash on the desktop,Approve
CJ260512-16-R71,Clean up the trash on the desktop,Reject
CJ260512-16-R72,Clean up the trash on the desktop,Reject
CJ260512-16-R73,Clean up the trash on the desktop,Approve
CJ260512-16-R74,Clean up the trash on the desktop,Reject
CJ260512-16-R75,Clean up the trash on the desktop,Imperfect
CJ260512-16-R76,Clean up the trash on the desktop,Reject
CJ260512-16-R77,Clean up the trash on the desktop,Imperfect
CJ260512-16-R78,Clean up the trash on the desktop,Reject
CJ260512-16-R79,Clean up the trash on the desktop,Reject
CJ260512-16-R80,Clean up the trash on the desktop,Approve
CJ260512-16-R81,Clean up the trash on the desktop,Reject
CJ260512-16-R82,Clean up the trash on the desktop,Reject
CJ260512-16-R83,Clean up the trash on the desktop,Reject
CJ260512-16-R84,Clean up the trash on the desktop,Reject
CJ260512-16-R85,Clean up the trash on the desktop,Approve
CJ260512-16-R86,Clean up the trash on the desktop,Approve
CJ260512-16-R87,Clean up the trash on the desktop,Reject
CJ260512-16-R88,Clean up the trash on the desktop,Imperfect
CJ260512-16-R89,Clean up the trash on the desktop,Imperfect
CJ260512-16-R91,Clean up the trash on the desktop,Reject
CJ260512-16-R92,Clean up the trash on the desktop,Reject
CJ260512-16-R93,Clean up the trash on the desktop,Imperfect
CJ260512-16-R94,Clean up the trash on the desktop,Imperfect
CJ260512-16-R95,Clean up the trash on the desktop,Approve
CJ260512-16-R97,Clean up the trash on the desktop,Approve
CJ260512-16-R98,Clean up the trash on the desktop,Reject
CJ260512-20-R100,Test tube sorting,Approve
CJ260512-20-R101,Test tube sorting,Approve
CJ260512-20-R104,Test tube sorting,Approve
CJ260512-20-R105,Test tube sorting,Approve
CJ260512-20-R107,Test tube sorting,Approve
CJ260512-20-R108,Test tube sorting,Approve
CJ260512-20-R109,Test tube sorting,Approve
CJ260512-20-R111,Test tube sorting,Approve
CJ260512-20-R112,Test tube sorting,Approve
CJ260512-20-R113,Test tube sorting,Approve
CJ260512-20-R114,Test tube sorting,Imperfect
CJ260512-20-R115,Test tube sorting,Approve
CJ260512-20-R118,Test tube sorting,Imperfect
CJ260512-20-R119,Test tube sorting,Imperfect
CJ260512-20-R120,Test tube sorting,Approve
CJ260512-20-R121,Test tube sorting,Imperfect
CJ260512-20-R122,Test tube sorting,Imperfect
CJ260512-20-R124,Test tube sorting,Approve
CJ260512-20-R125,Test tube sorting,Approve
CJ260512-20-R127,Test tube sorting,Approve
CJ260512-20-R128,Test tube sorting,Approve
CJ260512-20-R130,Test tube sorting,Imperfect
CJ260512-20-R131,Test tube sorting,Imperfect
CJ260512-20-R133,Test tube sorting,Approve
CJ260512-20-R134,Test tube sorting,Approve
CJ260512-20-R135,Test tube sorting,Approve
CJ260512-20-R136,Test tube sorting,Approve
CJ260512-20-R137,Test tube sorting,Approve
CJ260512-20-R138,Test tube sorting,Approve
CJ260512-20-R139,Test tube sorting,Reject
CJ260512-20-R141,Test tube sorting,Approve
CJ260512-20-R142,Test tube sorting,Approve
CJ260512-20-R143,Test tube sorting,Approve
CJ260512-20-R144,Test tube sorting,Approve
CJ260512-20-R146,Test tube sorting,Approve
CJ260512-20-R145,Test tube sorting,Approve
CJ260512-20-R147,Test tube sorting,Approve
CJ260512-20-R148,Test tube sorting,Approve
CJ260512-20-R149,Test tube sorting,Approve
CJ260512-20-R150,Test tube sorting,Approve
CJ260512-20-R151,Test tube sorting,Imperfect
CJ260512-20-R152,Test tube sorting,Approve
CJ260512-20-R153,Test tube sorting,Reject
CJ260512-20-R155,Test tube sorting,Approve
CJ260512-20-R157,Test tube sorting,Approve
CJ260512-20-R159,Test tube sorting,Approve
CJ260512-20-R160,Test tube sorting,Approve
CJ260512-20-R161,Test tube sorting,Approve
CJ260512-20-R164,Test tube sorting,Approve
CJ260512-20-R166,Test tube sorting,Approve
CJ260512-20-R167,Test tube sorting,Approve
CJ260512-20-R168,Test tube sorting,Approve
CJ260512-20-R169,Test tube sorting,Imperfect
CJ260512-20-R170,Test tube sorting,Approve
CJ260512-20-R172,Test tube sorting,Imperfect
CJ260512-20-R174,Test tube sorting,Approve
CJ260512-20-R176,Test tube sorting,Approve
CJ260512-20-R25,Test tube sorting,Approve
CJ260512-20-R26,Test tube sorting,Approve
CJ260512-20-R27,Test tube sorting,Imperfect
CJ260512-20-R28,Test tube sorting,Approve
CJ260512-20-R29,Test tube sorting,Approve
CJ260512-20-R30,Test tube sorting,Approve
CJ260512-20-R31,Test tube sorting,Approve
CJ260512-20-R32,Test tube sorting,Approve
CJ260512-20-R34,Test tube sorting,Approve
CJ260512-20-R35,Test tube sorting,Approve
CJ260512-20-R36,Test tube sorting,Approve
CJ260512-20-R38,Test tube sorting,Approve
CJ260512-20-R40,Test tube sorting,Approve
CJ260512-20-R41,Test tube sorting,Imperfect
CJ260512-20-R42,Test tube sorting,Imperfect
CJ260512-20-R43,Test tube sorting,Approve
CJ260512-20-R44,Test tube sorting,Approve
CJ260512-20-R46,Test tube sorting,Imperfect
CJ260512-20-R47,Test tube sorting,Approve
CJ260512-20-R48,Test tube sorting,Approve
CJ260512-20-R49,Test tube sorting,Approve
CJ260512-20-R51,Test tube sorting,Approve
CJ260512-20-R52,Test tube sorting,Approve
CJ260512-20-R53,Test tube sorting,Approve
CJ260512-20-R54,Test tube sorting,Approve
CJ260512-20-R56,Test tube sorting,Approve
CJ260512-20-R57,Test tube sorting,Approve
CJ260512-20-R58,Test tube sorting,Approve
CJ260512-20-R59,Test tube sorting,Approve
CJ260512-20-R60,Test tube sorting,Approve
CJ260512-20-R61,Test tube sorting,Approve
CJ260512-20-R62,Test tube sorting,Approve
CJ260512-20-R65,Test tube sorting,Imperfect
CJ260512-20-R67,Test tube sorting,Approve
CJ260512-20-R68,Test tube sorting,Approve
CJ260512-20-R72,Test tube sorting,Approve
CJ260512-20-R73,Test tube sorting,Approve
CJ260512-20-R75,Test tube sorting,Approve
CJ260512-20-R77,Test tube sorting,Approve
CJ260512-20-R79,Test tube sorting,Approve
CJ260512-20-R80,Test tube sorting,Reject
CJ260512-20-R82,Test tube sorting,Reject
CJ260512-20-R88,Test tube sorting,Approve
CJ260512-20-R89,Test tube sorting,Approve
CJ260512-20-R90,Test tube sorting,Approve
CJ260512-20-R91,Test tube sorting,Approve
CJ260512-20-R93,Test tube sorting,Approve
CJ260512-20-R94,Test tube sorting,Approve
CJ260512-20-R95,Test tube sorting,Approve
CJ260512-20-R96,Test tube sorting,Approve
CJ260512-20-R97,Test tube sorting,Approve
CJ260512-22-R100,Test tube sorting,Imperfect
CJ260512-22-R101,Test tube sorting,Approve
CJ260512-22-R102,Test tube sorting,Approve
CJ260512-22-R103,Test tube sorting,Approve
CJ260512-22-R106,Test tube sorting,Approve
CJ260512-22-R107,Test tube sorting,Approve
CJ260512-22-R109,Test tube sorting,Imperfect
CJ260512-22-R111,Test tube sorting,Imperfect
CJ260512-22-R112,Test tube sorting,Approve
CJ260512-22-R113,Test tube sorting,Imperfect
CJ260512-22-R114,Test tube sorting,Approve
CJ260512-22-R115,Test tube sorting,Imperfect
CJ260512-22-R116,Test tube sorting,Approve
CJ260512-22-R117,Test tube sorting,Approve
CJ260512-22-R118,Test tube sorting,Approve
CJ260512-22-R119,Test tube sorting,Approve
CJ260512-22-R120,Test tube sorting,Approve
CJ260512-22-R122,Test tube sorting,Approve
CJ260512-22-R124,Test tube sorting,Approve
CJ260512-22-R126,Test tube sorting,Imperfect
CJ260512-22-R127,Test tube sorting,Approve
CJ260512-22-R128,Test tube sorting,Approve
CJ260512-22-R129,Test tube sorting,Approve
CJ260512-22-R133,Test tube sorting,Approve
CJ260512-22-R134,Test tube sorting,Approve
CJ260512-22-R135,Test tube sorting,Approve
CJ260512-22-R136,Test tube sorting,Approve
CJ260512-22-R137,Test tube sorting,Imperfect
CJ260512-22-R138,Test tube sorting,Approve
CJ260512-22-R139,Test tube sorting,Approve
CJ260512-22-R140,Test tube sorting,Imperfect
CJ260512-22-R143,Test tube sorting,Imperfect
CJ260512-22-R144,Test tube sorting,Approve
CJ260512-22-R145,Test tube sorting,Imperfect
CJ260512-22-R146,Test tube sorting,Approve
CJ260512-22-R148,Test tube sorting,Approve
CJ260512-22-R149,Test tube sorting,Imperfect
CJ260512-22-R150,Test tube sorting,Approve
CJ260512-22-R151,Test tube sorting,Imperfect
CJ260512-22-R152,Test tube sorting,Approve
CJ260512-22-R153,Test tube sorting,Imperfect
CJ260512-22-R155,Test tube sorting,Approve
CJ260512-22-R157,Test tube sorting,Approve
CJ260512-22-R158,Test tube sorting,Imperfect
CJ260512-22-R159,Test tube sorting,Imperfect
CJ260512-22-R161,Test tube sorting,Approve
CJ260512-22-R162,Test tube sorting,Approve
CJ260512-22-R165,Test tube sorting,Approve
CJ260512-22-R166,Test tube sorting,Imperfect
CJ260512-22-R167,Test tube sorting,Approve
CJ260512-22-R168,Test tube sorting,Approve
CJ260512-22-R169,Test tube sorting,Approve
CJ260512-22-R173,Test tube sorting,Approve
CJ260512-22-R174,Test tube sorting,Approve
CJ260512-22-R175,Test tube sorting,Approve
CJ260512-22-R178,Test tube sorting,Approve
CJ260512-22-R179,Test tube sorting,Approve
CJ260512-22-R181,Test tube sorting,Approve
CJ260512-22-R182,Test tube sorting,Approve
CJ260512-22-R183,Test tube sorting,Approve
CJ260512-22-R186,Test tube sorting,Approve
CJ260512-22-R187,Test tube sorting,Approve
CJ260512-22-R48,Test tube sorting,Approve
CJ260512-22-R49,Test tube sorting,Approve
CJ260512-22-R50,Test tube sorting,Approve
CJ260512-22-R52,Test tube sorting,Approve
CJ260512-22-R54,Test tube sorting,Approve
CJ260512-22-R55,Test tube sorting,Approve
CJ260512-22-R56,Test tube sorting,Approve
CJ260512-22-R57,Test tube sorting,Approve
CJ260512-22-R59,Test tube sorting,Approve
CJ260512-22-R60,Test tube sorting,Approve
CJ260512-22-R61,Test tube sorting,Approve
CJ260512-22-R63,Test tube sorting,Approve
CJ260512-22-R65,Test tube sorting,Approve
CJ260512-22-R66,Test tube sorting,Approve
CJ260512-22-R67,Test tube sorting,Approve
CJ260512-22-R68,Test tube sorting,Approve
CJ260512-22-R70,Test tube sorting,Approve
CJ260512-22-R71,Test tube sorting,Approve
CJ260512-22-R72,Test tube sorting,Approve
CJ260512-22-R73,Test tube sorting,Approve
CJ260512-22-R74,Test tube sorting,Approve
CJ260512-22-R75,Test tube sorting,Approve
CJ260512-22-R76,Test tube sorting,Approve
CJ260512-22-R77,Test tube sorting,Approve
CJ260512-22-R78,Test tube sorting,Approve
CJ260512-22-R80,Test tube sorting,Approve
CJ260512-22-R81,Test tube sorting,Imperfect
CJ260512-22-R82,Test tube sorting,Approve
CJ260512-22-R83,Test tube sorting,Approve
CJ260512-22-R84,Test tube sorting,Approve
CJ260512-22-R85,Test tube sorting,Imperfect
CJ260512-22-R86,Test tube sorting,Approve
CJ260512-22-R87,Test tube sorting,Approve
CJ260512-22-R88,Test tube sorting,Approve
CJ260512-22-R89,Test tube sorting,Approve
CJ260512-22-R90,Test tube sorting,Approve
CJ260512-22-R92,Test tube sorting,Imperfect
CJ260512-22-R94,Test tube sorting,Approve
CJ260512-22-R95,Test tube sorting,Approve
CJ260512-22-R96,Test tube sorting,Imperfect
CJ260512-22-R97,Test tube sorting,Approve
CJ260512-22-R98,Test tube sorting,Imperfect
CJ260512-22-R99,Test tube sorting,Approve
CJ260512-23-R127,Folding clothes on the bed,Approve
CJ260512-23-R128,Folding clothes on the bed,Approve
CJ260512-23-R129,Folding clothes on the bed,Imperfect
CJ260512-23-R130,Folding clothes on the bed,Approve
CJ260512-23-R132,Folding clothes on the bed,Imperfect
CJ260512-23-R137,Folding clothes on the bed,Approve
CJ260512-23-R149,Folding clothes on the bed,Imperfect
CJ260512-23-R152,Folding clothes on the bed,Imperfect
CJ260512-23-R156,Folding clothes on the bed,Approve
CJ260512-23-R158,Folding clothes on the bed,Approve
CJ260512-23-R160,Folding clothes on the bed,Imperfect
CJ260512-23-R162,Folding clothes on the bed,Imperfect
CJ260512-23-R163,Folding clothes on the bed,Imperfect
CJ260512-23-R167,Folding clothes on the bed,Imperfect
CJ260512-23-R165,Folding clothes on the bed,Approve
CJ260512-23-R168,Folding clothes on the bed,Imperfect
CJ260512-23-R169,Folding clothes on the bed,Imperfect
CJ260512-23-R171,Folding clothes on the bed,Reject
CJ260512-23-R172,Folding clothes on the bed,Imperfect
CJ260512-23-R174,Folding clothes on the bed,Approve
CJ260512-23-R175,Folding clothes on the bed,Imperfect
CJ260512-23-R177,Folding clothes on the bed,Imperfect
CJ260512-23-R178,Folding clothes on the bed,Imperfect
CJ260512-23-R179,Folding clothes on the bed,Imperfect
CJ260512-23-R181,Folding clothes on the bed,Imperfect
CJ260512-23-R184,Folding clothes on the bed,Imperfect
CJ260512-23-R185,Folding clothes on the bed,Imperfect
CJ260512-23-R186,Folding clothes on the bed,Imperfect
CJ260512-23-R187,Folding clothes on the bed,Approve
CJ260512-23-R188,Folding clothes on the bed,Approve
CJ260512-23-R189,Folding clothes on the bed,Imperfect
CJ260512-23-R192,Folding clothes on the bed,Imperfect
CJ260512-23-R193,Folding clothes on the bed,Approve
CJ260512-23-R195,Folding clothes on the bed,Imperfect
CJ260512-23-R196,Folding clothes on the bed,Imperfect
CJ260512-23-R198,Folding clothes on the bed,Imperfect
CJ260512-24-R146,Folding clothes on the bed,Imperfect
CJ260512-24-R145,Folding clothes on the bed,Imperfect
CJ260512-24-R147,Folding clothes on the bed,Imperfect
CJ260512-24-R148,Folding clothes on the bed,Approve
CJ260512-24-R151,Folding clothes on the bed,Approve
CJ260512-24-R152,Folding clothes on the bed,Approve
CJ260512-24-R153,Folding clothes on the bed,Approve
CJ260512-24-R154,Folding clothes on the bed,Approve
CJ260512-24-R155,Folding clothes on the bed,Approve
CJ260512-24-R156,Folding clothes on the bed,Imperfect
CJ260512-24-R157,Folding clothes on the bed,Approve
CJ260512-24-R158,Folding clothes on the bed,Approve
CJ260512-24-R159,Folding clothes on the bed,Approve
CJ260512-24-R160,Folding clothes on the bed,Imperfect
CJ260512-24-R162,Folding clothes on the bed,Approve
CJ260512-24-R163,Folding clothes on the bed,Approve
CJ260512-24-R164,Folding clothes on the bed,Approve
CJ260512-24-R166,Folding clothes on the bed,Imperfect
CJ260512-24-R168,Folding clothes on the bed,Approve
CJ260512-24-R169,Folding clothes on the bed,Approve
CJ260512-24-R170,Folding clothes on the bed,Approve
CJ260512-24-R175,Folding clothes on the bed,Imperfect
CJ260512-24-R179,Folding clothes on the bed,Approve
CJ260512-24-R181,Folding clothes on the bed,Approve
CJ260512-24-R197,Folding clothes on the bed,Approve
CJ260512-24-R188,Folding clothes on the bed,Approve
CJ260512-25-R1,Folding clothes on the bed,Approve
CJ260512-25-R10,Folding clothes on the bed,Imperfect
CJ260512-25-R100,Folding clothes on the bed,Imperfect
CJ260512-25-R101,Folding clothes on the bed,Approve
CJ260512-25-R102,Folding clothes on the bed,Imperfect
CJ260512-25-R103,Folding clothes on the bed,Reject
CJ260512-25-R104,Folding clothes on the bed,Approve
CJ260512-25-R107,Folding clothes on the bed,Imperfect
CJ260512-25-R110,Folding clothes on the bed,Reject
CJ260512-25-R108,Folding clothes on the bed,Imperfect
CJ260512-25-R111,Folding clothes on the bed,Imperfect
CJ260512-25-R112,Folding clothes on the bed,Imperfect
CJ260512-25-R114,Folding clothes on the bed,Imperfect
CJ260512-25-R116,Folding clothes on the bed,Imperfect
CJ260512-25-R117,Folding clothes on the bed,Reject
CJ260512-25-R118,Folding clothes on the bed,Approve
CJ260512-25-R119,Folding clothes on the bed,Reject
CJ260512-25-R12,Folding clothes on the bed,Approve
CJ260512-25-R121,Folding clothes on the bed,Approve
CJ260512-25-R122,Folding clothes on the bed,Approve
CJ260512-25-R123,Folding clothes on the bed,Approve
CJ260512-25-R124,Folding clothes on the bed,Imperfect
CJ260512-25-R126,Folding clothes on the bed,Approve
CJ260512-25-R128,Folding clothes on the bed,Approve
CJ260512-25-R129,Folding clothes on the bed,Imperfect
CJ260512-25-R131,Folding clothes on the bed,Reject
CJ260512-25-R132,Folding clothes on the bed,Reject
CJ260512-25-R133,Folding clothes on the bed,Reject
CJ260512-25-R135,Folding clothes on the bed,Approve
CJ260512-25-R137,Folding clothes on the bed,Approve
CJ260512-25-R138,Folding clothes on the bed,Approve
CJ260512-25-R139,Folding clothes on the bed,Approve
CJ260512-25-R14,Folding clothes on the bed,Imperfect
CJ260512-25-R140,Folding clothes on the bed,Approve
CJ260512-25-R142,Folding clothes on the bed,Approve
CJ260512-25-R144,Folding clothes on the bed,Approve
CJ260512-25-R145,Folding clothes on the bed,Approve
CJ260512-25-R146,Folding clothes on the bed,Imperfect
CJ260512-25-R147,Folding clothes on the bed,Approve
CJ260512-25-R149,Folding clothes on the bed,Approve
CJ260512-25-R152,Folding clothes on the bed,Approve
CJ260512-25-R15,Folding clothes on the bed,Approve
CJ260512-25-R153,Folding clothes on the bed,Approve
CJ260512-25-R154,Folding clothes on the bed,Approve
CJ260512-25-R155,Folding clothes on the bed,Approve
CJ260512-25-R156,Folding clothes on the bed,Imperfect
CJ260512-25-R157,Folding clothes on the bed,Approve
CJ260512-25-R158,Folding clothes on the bed,Approve
CJ260512-25-R159,Folding clothes on the bed,Imperfect
CJ260512-25-R16,Folding clothes on the bed,Imperfect
CJ260512-25-R160,Folding clothes on the bed,Approve
CJ260512-25-R161,Folding clothes on the bed,Approve
CJ260512-25-R162,Folding clothes on the bed,Approve
CJ260512-25-R163,Folding clothes on the bed,Imperfect
CJ260512-25-R164,Folding clothes on the bed,Imperfect
CJ260512-25-R165,Folding clothes on the bed,Approve
CJ260512-25-R166,Folding clothes on the bed,Approve
CJ260512-25-R168,Folding clothes on the bed,Imperfect
CJ260512-25-R169,Folding clothes on the bed,Imperfect
CJ260512-25-R170,Folding clothes on the bed,Imperfect
CJ260512-25-R171,Folding clothes on the bed,Imperfect
CJ260512-25-R172,Folding clothes on the bed,Approve
CJ260512-25-R174,Folding clothes on the bed,Approve
CJ260512-25-R175,Folding clothes on the bed,Imperfect
CJ260512-25-R177,Folding clothes on the bed,Imperfect
CJ260512-25-R179,Folding clothes on the bed,Approve
CJ260512-25-R180,Folding clothes on the bed,Approve
CJ260512-25-R181,Folding clothes on the bed,Reject
CJ260512-25-R182,Folding clothes on the bed,Approve
CJ260512-25-R183,Folding clothes on the bed,Approve
CJ260512-25-R184,Folding clothes on the bed,Approve
CJ260512-25-R185,Folding clothes on the bed,Approve
CJ260512-25-R186,Folding clothes on the bed,Imperfect
CJ260512-25-R189,Folding clothes on the bed,Imperfect
CJ260512-25-R190,Folding clothes on the bed,Imperfect
CJ260512-25-R191,Folding clothes on the bed,Approve
CJ260512-25-R195,Folding clothes on the bed,Approve
CJ260512-25-R197,Folding clothes on the bed,Approve
CJ260512-25-R198,Folding clothes on the bed,Approve
CJ260512-25-R199,Folding clothes on the bed,Approve
CJ260512-25-R2,Folding clothes on the bed,Approve
CJ260512-25-R20,Folding clothes on the bed,Approve
CJ260512-25-R22,Folding clothes on the bed,Approve
CJ260512-25-R23,Folding clothes on the bed,Approve
CJ260512-25-R24,Folding clothes on the bed,Approve
CJ260512-25-R25,Folding clothes on the bed,Imperfect
CJ260512-25-R26,Folding clothes on the bed,Imperfect
CJ260512-25-R28,Folding clothes on the bed,Imperfect
CJ260512-25-R3,Folding clothes on the bed,Imperfect
CJ260512-25-R31,Folding clothes on the bed,Imperfect
CJ260512-25-R32,Folding clothes on the bed,Approve
CJ260512-25-R35,Folding clothes on the bed,Imperfect
CJ260512-25-R36,Folding clothes on the bed,Approve
CJ260512-25-R37,Folding clothes on the bed,Imperfect
CJ260512-25-R39,Folding clothes on the bed,Approve
CJ260512-25-R4,Folding clothes on the bed,Imperfect
CJ260512-25-R40,Folding clothes on the bed,Imperfect
CJ260512-25-R41,Folding clothes on the bed,Imperfect
CJ260512-25-R42,Folding clothes on the bed,Imperfect
CJ260512-25-R43,Folding clothes on the bed,Approve
CJ260512-25-R44,Folding clothes on the bed,Imperfect
CJ260512-25-R45,Folding clothes on the bed,Approve
CJ260512-25-R46,Folding clothes on the bed,Approve
CJ260512-25-R47,Folding clothes on the bed,Imperfect
CJ260512-25-R48,Folding clothes on the bed,Imperfect
CJ260512-25-R49,Folding clothes on the bed,Imperfect
CJ260512-25-R5,Folding clothes on the bed,Imperfect
CJ260512-25-R50,Folding clothes on the bed,Approve
CJ260512-25-R52,Folding clothes on the bed,Imperfect
CJ260512-25-R53,Folding clothes on the bed,Approve
CJ260512-25-R54,Folding clothes on the bed,Imperfect
CJ260512-25-R55,Folding clothes on the bed,Imperfect
CJ260512-25-R56,Folding clothes on the bed,Approve
CJ260512-25-R58,Folding clothes on the bed,Approve
CJ260512-25-R59,Folding clothes on the bed,Imperfect
CJ260512-25-R61,Folding clothes on the bed,Imperfect
CJ260512-25-R60,Folding clothes on the bed,Imperfect
CJ260512-25-R62,Folding clothes on the bed,Approve
CJ260512-25-R63,Folding clothes on the bed,Approve
CJ260512-25-R64,Folding clothes on the bed,Imperfect
CJ260512-25-R65,Folding clothes on the bed,Imperfect
CJ260512-25-R66,Folding clothes on the bed,Approve
CJ260512-25-R68,Folding clothes on the bed,Approve
CJ260512-25-R69,Folding clothes on the bed,Approve
CJ260512-25-R7,Folding clothes on the bed,Approve
CJ260512-25-R70,Folding clothes on the bed,Approve
CJ260512-25-R71,Folding clothes on the bed,Approve
CJ260512-25-R72,Folding clothes on the bed,Reject
CJ260512-25-R73,Folding clothes on the bed,Approve
CJ260512-25-R74,Folding clothes on the bed,Approve
CJ260512-25-R75,Folding clothes on the bed,Imperfect
CJ260512-25-R76,Folding clothes on the bed,Imperfect
CJ260512-25-R77,Folding clothes on the bed,Imperfect
CJ260512-25-R78,Folding clothes on the bed,Approve
CJ260512-25-R79,Folding clothes on the bed,Approve
CJ260512-25-R82,Folding clothes on the bed,Imperfect
CJ260512-25-R83,Folding clothes on the bed,Imperfect
CJ260512-25-R85,Folding clothes on the bed,Imperfect
CJ260512-25-R84,Folding clothes on the bed,Imperfect
CJ260512-25-R86,Folding clothes on the bed,Approve
CJ260512-25-R87,Folding clothes on the bed,Reject
CJ260512-25-R88,Folding clothes on the bed,Imperfect
CJ260512-25-R90,Folding clothes on the bed,Approve
CJ260512-25-R91,Folding clothes on the bed,Approve
CJ260512-25-R92,Folding clothes on the bed,Approve
CJ260512-25-R93,Folding clothes on the bed,Approve
CJ260512-25-R94,Folding clothes on the bed,Approve
CJ260512-25-R95,Folding clothes on the bed,Imperfect
CJ260512-25-R96,Folding clothes on the bed,Imperfect
CJ260512-25-R97,Folding clothes on the bed,Imperfect
CJ260512-25-R98,Folding clothes on the bed,Approve
CJ260512-25-R99,Folding clothes on the bed,Approve
CJ260512-26-R1,Folding clothes on the bed,Imperfect
CJ260512-26-R113,Folding clothes on the bed,Imperfect
CJ260512-26-R134,Folding clothes on the bed,Imperfect
CJ260512-26-R135,Folding clothes on the bed,Approve
CJ260512-26-R139,Folding clothes on the bed,Imperfect
CJ260512-26-R14,Folding clothes on the bed,Imperfect
CJ260512-26-R141,Folding clothes on the bed,Imperfect
CJ260512-26-R15,Folding clothes on the bed,Imperfect
CJ260512-26-R24,Folding clothes on the bed,Imperfect
CJ260512-26-R27,Folding clothes on the bed,Imperfect
CJ260512-26-R37,Folding clothes on the bed,Imperfect
CJ260512-26-R39,Folding clothes on the bed,Imperfect
CJ260512-26-R4,Folding clothes on the bed,Imperfect
CJ260512-26-R5,Folding clothes on the bed,Approve
CJ260512-26-R51,Folding clothes on the bed,Imperfect
CJ260512-26-R62,Folding clothes on the bed,Imperfect
CJ260512-26-R63,Folding clothes on the bed,Reject
CJ260512-26-R69,Folding clothes on the bed,Reject
CJ260512-26-R91,Folding clothes on the bed,Imperfect
CJ260512-26-R93,Folding clothes on the bed,Imperfect
CJ260512-31-R155,Pouring water in a tea restaurant,Approve
CJ260512-31-R156,Pouring water in a tea restaurant,Approve
CJ260512-31-R157,Pouring water in a tea restaurant,Reject
CJ260512-31-R159,Pouring water in a tea restaurant,Reject
CJ260512-31-R160,Pouring water in a tea restaurant,Reject
CJ260512-31-R161,Pouring water in a tea restaurant,Reject
CJ260512-31-R162,Pouring water in a tea restaurant,Reject
CJ260512-31-R163,Pouring water in a tea restaurant,Reject
CJ260512-31-R164,Pouring water in a tea restaurant,Reject
CJ260512-31-R165,Pouring water in a tea restaurant,Reject
CJ260512-31-R166,Pouring water in a tea restaurant,Reject
CJ260512-31-R168,Pouring water in a tea restaurant,Reject
CJ260512-31-R169,Pouring water in a tea restaurant,Reject
CJ260512-31-R170,Pouring water in a tea restaurant,Reject
CJ260512-31-R171,Pouring water in a tea restaurant,Reject
CJ260512-31-R172,Pouring water in a tea restaurant,Reject
CJ260512-31-R173,Pouring water in a tea restaurant,Reject
CJ260512-31-R174,Pouring water in a tea restaurant,Reject
CJ260512-31-R175,Pouring water in a tea restaurant,Reject
CJ260512-31-R176,Pouring water in a tea restaurant,Reject
CJ260512-31-R177,Pouring water in a tea restaurant,Reject
CJ260512-31-R178,Pouring water in a tea restaurant,Reject
CJ260512-31-R179,Pouring water in a tea restaurant,Reject
CJ260512-31-R180,Pouring water in a tea restaurant,Reject
CJ260512-31-R181,Pouring water in a tea restaurant,Reject
CJ260512-31-R182,Pouring water in a tea restaurant,Reject
CJ260512-31-R183,Pouring water in a tea restaurant,Reject
CJ260512-31-R184,Pouring water in a tea restaurant,Reject
CJ260512-31-R185,Pouring water in a tea restaurant,Reject
CJ260512-31-R187,Pouring water in a tea restaurant,Reject
CJ260512-31-R186,Pouring water in a tea restaurant,Reject
CJ260512-31-R188,Pouring water in a tea restaurant,Reject
CJ260512-31-R189,Pouring water in a tea restaurant,Reject
CJ260512-31-R190,Pouring water in a tea restaurant,Reject
CJ260512-31-R191,Pouring water in a tea restaurant,Reject
CJ260512-31-R192,Pouring water in a tea restaurant,Reject
CJ260512-31-R193,Pouring water in a tea restaurant,Reject
CJ260512-31-R195,Pouring water in a tea restaurant,Reject
CJ260512-31-R196,Pouring water in a tea restaurant,Reject
CJ260512-31-R197,Pouring water in a tea restaurant,Reject
CJ260512-31-R198,Pouring water in a tea restaurant,Reject
CJ260512-31-R199,Pouring water in a tea restaurant,Reject
CJ260512-31-R200,Pouring water in a tea restaurant,Reject
CJ260513-15-R124,Clean up the trash on the desktop,Approve
CJ260513-15-R126,Clean up the trash on the desktop,Approve
CJ260513-15-R125,Clean up the trash on the desktop,Approve
CJ260513-15-R127,Clean up the trash on the desktop,Approve
CJ260513-15-R128,Clean up the trash on the desktop,Approve
CJ260513-15-R129,Clean up the trash on the desktop,Approve
CJ260513-15-R130,Clean up the trash on the desktop,Imperfect
CJ260513-15-R131,Clean up the trash on the desktop,Reject
CJ260513-15-R132,Clean up the trash on the desktop,Approve
CJ260513-15-R134,Clean up the trash on the desktop,Approve
CJ260513-15-R135,Clean up the trash on the desktop,Approve
CJ260513-15-R137,Clean up the trash on the desktop,Approve
CJ260513-15-R138,Clean up the trash on the desktop,Imperfect
CJ260513-15-R139,Clean up the trash on the desktop,Approve
CJ260513-15-R140,Clean up the trash on the desktop,Imperfect
CJ260513-15-R142,Clean up the trash on the desktop,Approve
CJ260513-15-R143,Clean up the trash on the desktop,Approve
CJ260513-15-R145,Clean up the trash on the desktop,Approve
CJ260513-15-R146,Clean up the trash on the desktop,Approve
CJ260513-15-R147,Clean up the trash on the desktop,Approve
CJ260513-15-R148,Clean up the trash on the desktop,Approve
CJ260513-15-R149,Clean up the trash on the desktop,Approve
CJ260513-15-R150,Clean up the trash on the desktop,Approve
CJ260513-15-R151,Clean up the trash on the desktop,Approve
CJ260513-15-R152,Clean up the trash on the desktop,Approve
CJ260513-15-R154,Clean up the trash on the desktop,Imperfect
CJ260513-15-R155,Clean up the trash on the desktop,Approve
CJ260513-15-R157,Clean up the trash on the desktop,Approve
CJ260513-15-R156,Clean up the trash on the desktop,Approve
CJ260513-15-R158,Clean up the trash on the desktop,Approve
CJ260513-15-R159,Clean up the trash on the desktop,Approve
CJ260513-15-R160,Clean up the trash on the desktop,Approve
CJ260513-15-R161,Clean up the trash on the desktop,Approve
CJ260513-15-R162,Clean up the trash on the desktop,Reject
CJ260513-15-R163,Clean up the trash on the desktop,Approve
CJ260513-15-R164,Clean up the trash on the desktop,Approve
CJ260513-15-R165,Clean up the trash on the desktop,Approve
CJ260513-15-R166,Clean up the trash on the desktop,Approve
CJ260513-15-R167,Clean up the trash on the desktop,Approve
CJ260513-15-R169,Clean up the trash on the desktop,Approve
CJ260513-15-R170,Clean up the trash on the desktop,Approve
CJ260513-15-R171,Clean up the trash on the desktop,Approve
CJ260513-15-R172,Clean up the trash on the desktop,Approve
CJ260513-15-R174,Clean up the trash on the desktop,Approve
CJ260513-15-R175,Clean up the trash on the desktop,Approve
CJ260513-15-R177,Clean up the trash on the desktop,Imperfect
CJ260513-15-R178,Clean up the trash on the desktop,Approve
CJ260513-15-R179,Clean up the trash on the desktop,Approve
CJ260513-15-R180,Clean up the trash on the desktop,Approve
CJ260513-15-R181,Clean up the trash on the desktop,Approve
CJ260513-15-R182,Clean up the trash on the desktop,Approve
CJ260513-15-R183,Clean up the trash on the desktop,Approve
CJ260513-15-R184,Clean up the trash on the desktop,Approve
CJ260513-15-R187,Clean up the trash on the desktop,Approve
CJ260513-15-R188,Clean up the trash on the desktop,Approve
CJ260513-15-R189,Clean up the trash on the desktop,Approve
CJ260513-15-R192,Clean up the trash on the desktop,Approve
CJ260513-15-R193,Clean up the trash on the desktop,Approve
CJ260513-15-R194,Clean up the trash on the desktop,Approve
CJ260513-15-R195,Clean up the trash on the desktop,Approve
CJ260513-15-R196,Clean up the trash on the desktop,Approve
CJ260513-15-R197,Clean up the trash on the desktop,Approve
CJ260513-15-R198,Clean up the trash on the desktop,Reject
CJ260513-15-R199,Clean up the trash on the desktop,Approve
CJ260513-19-R143,Pouring water in a tea restaurant,Approve
CJ260513-19-R165,Pouring water in a tea restaurant,Imperfect
CJ260513-19-R173,Pouring water in a tea restaurant,Imperfect
CJ260513-19-R183,Pouring water in a tea restaurant,Imperfect
CJ260513-19-R185,Pouring water in a tea restaurant,Approve
CJ260513-19-R195,Pouring water in a tea restaurant,Approve
CJ260513-19-R199,Pouring water in a tea restaurant,Approve
CJ260513-19-R164,Pouring water in a tea restaurant,Approve
CJ260513-19-R169,Pouring water in a tea restaurant,Approve
CJ260513-19-R171,Pouring water in a tea restaurant,Approve
CJ260513-19-R174,Pouring water in a tea restaurant,Reject
CJ260513-19-R176,Pouring water in a tea restaurant,Approve
CJ260513-19-R178,Pouring water in a tea restaurant,Approve
CJ260513-19-R181,Pouring water in a tea restaurant,Approve
CJ260513-19-R182,Pouring water in a tea restaurant,Approve
CJ260513-19-R184,Pouring water in a tea restaurant,Approve
CJ260513-19-R186,Pouring water in a tea restaurant,Reject
CJ260513-19-R191,Pouring water in a tea restaurant,Reject
CJ260513-19-R192,Pouring water in a tea restaurant,Approve
CJ260513-19-R194,Pouring water in a tea restaurant,Approve
CJ260513-19-R197,Pouring water in a tea restaurant,Approve
CJ260506-12-R193,Desktop stationary organization,Approve
CJ260506-12-R194,Desktop stationary organization,Approve
CJ260506-12-R196,Desktop stationary organization,Approve
CJ260506-12-R198,Desktop stationary organization,Approve
CJ260506-12-R200,Desktop stationary organization,Approve
CJ260506-13-R1,Desktop stationary organization,Imperfect
CJ260506-13-R10,Desktop stationary organization,Approve
CJ260506-13-R11,Desktop stationary organization,Approve
CJ260506-13-R13,Desktop stationary organization,Approve
CJ260506-13-R15,Desktop stationary organization,Approve
CJ260506-13-R17,Desktop stationary organization,Imperfect
CJ260506-13-R19,Desktop stationary organization,Approve
CJ260506-13-R24,Desktop stationary organization,Approve
CJ260506-13-R25,Desktop stationary organization,Approve
CJ260506-13-R27,Desktop stationary organization,Approve
CJ260506-13-R28,Desktop stationary organization,Approve
CJ260506-13-R29,Desktop stationary organization,Approve
CJ260506-13-R3,Desktop stationary organization,Approve
CJ260506-13-R30,Desktop stationary organization,Approve
CJ260506-13-R31,Desktop stationary organization,Approve
CJ260506-13-R32,Desktop stationary organization,Approve
CJ260506-13-R4,Desktop stationary organization,Approve
CJ260506-13-R5,Desktop stationary organization,Approve
CJ260506-13-R6,Desktop stationary organization,Approve
CJ260506-13-R8,Desktop stationary organization,Approve
CJ260506-13-R9,Desktop stationary organization,Approve
CJ260511-12-R1,Folding clothes on the bed,Approve
CJ260511-12-R10,Folding clothes on the bed,Approve
CJ260511-12-R11,Folding clothes on the bed,Imperfect
CJ260511-12-R12,Folding clothes on the bed,Approve
CJ260511-12-R13,Folding clothes on the bed,Reject
CJ260511-12-R14,Folding clothes on the bed,Approve
CJ260511-12-R15,Folding clothes on the bed,Imperfect
CJ260511-12-R16,Folding clothes on the bed,Approve
CJ260511-12-R17,Folding clothes on the bed,Approve
CJ260511-12-R2,Folding clothes on the bed,Approve
CJ260511-12-R3,Folding clothes on the bed,Approve
CJ260511-12-R4,Folding clothes on the bed,Approve
CJ260511-12-R5,Folding clothes on the bed,Approve
CJ260511-12-R6,Folding clothes on the bed,Imperfect
CJ260511-12-R7,Folding clothes on the bed,Imperfect
CJ260511-12-R8,Folding clothes on the bed,Approve
CJ260511-12-R9,Folding clothes on the bed,Approve
CJ260511-3-R101,Folding clothes on the bed,Imperfect
CJ260511-3-R103,Folding clothes on the bed,Imperfect
CJ260511-3-R105,Folding clothes on the bed,Imperfect
CJ260511-3-R106,Folding clothes on the bed,Imperfect
CJ260511-3-R107,Folding clothes on the bed,Imperfect
CJ260511-3-R109,Folding clothes on the bed,Imperfect
CJ260511-3-R110,Folding clothes on the bed,Imperfect
CJ260511-3-R111,Folding clothes on the bed,Imperfect
CJ260511-3-R112,Folding clothes on the bed,Imperfect
CJ260511-3-R113,Folding clothes on the bed,Imperfect
CJ260511-3-R114,Folding clothes on the bed,Imperfect
CJ260511-3-R115,Folding clothes on the bed,Imperfect
CJ260511-3-R116,Folding clothes on the bed,Imperfect
CJ260511-3-R117,Folding clothes on the bed,Imperfect
CJ260511-3-R119,Folding clothes on the bed,Imperfect
CJ260511-9-R4,Clean up the trash on the desktop,Approve
CJ260512-14-R100,Organize the coffee table 2.0,Approve
CJ260512-14-R101,Organize the coffee table 2.0,Approve
CJ260512-14-R102,Organize the coffee table 2.0,Approve
CJ260512-14-R103,Organize the coffee table 2.0,Approve
CJ260512-14-R105,Organize the coffee table 2.0,Approve
CJ260512-14-R106,Organize the coffee table 2.0,Imperfect
CJ260512-14-R108,Organize the coffee table 2.0,Approve
CJ260512-14-R109,Organize the coffee table 2.0,Approve
CJ260512-14-R110,Organize the coffee table 2.0,Approve
CJ260512-14-R111,Organize the coffee table 2.0,Imperfect
CJ260512-14-R112,Organize the coffee table 2.0,Approve
CJ260512-14-R113,Organize the coffee table 2.0,Approve
CJ260512-14-R114,Organize the coffee table 2.0,Approve
CJ260512-14-R115,Organize the coffee table 2.0,Approve
CJ260512-14-R116,Organize the coffee table 2.0,Approve
CJ260512-14-R117,Organize the coffee table 2.0,Approve
CJ260512-14-R118,Organize the coffee table 2.0,Imperfect
CJ260512-14-R119,Organize the coffee table 2.0,Approve
CJ260512-14-R120,Organize the coffee table 2.0,Approve
CJ260512-14-R121,Organize the coffee table 2.0,Approve
CJ260512-14-R122,Organize the coffee table 2.0,Approve
CJ260512-14-R123,Organize the coffee table 2.0,Approve
CJ260512-14-R124,Organize the coffee table 2.0,Approve
CJ260512-14-R125,Organize the coffee table 2.0,Approve
CJ260512-14-R126,Organize the coffee table 2.0,Approve
CJ260512-14-R127,Organize the coffee table 2.0,Approve
CJ260512-14-R128,Organize the coffee table 2.0,Approve
CJ260512-14-R129,Organize the coffee table 2.0,Approve
CJ260512-14-R130,Organize the coffee table 2.0,Approve
CJ260512-14-R131,Organize the coffee table 2.0,Approve
CJ260512-14-R132,Organize the coffee table 2.0,Approve
CJ260512-14-R133,Organize the coffee table 2.0,Approve
CJ260512-14-R135,Organize the coffee table 2.0,Approve
CJ260512-14-R136,Organize the coffee table 2.0,Approve
CJ260512-14-R137,Organize the coffee table 2.0,Approve
CJ260512-14-R138,Organize the coffee table 2.0,Approve
CJ260512-14-R139,Organize the coffee table 2.0,Approve
CJ260512-14-R140,Organize the coffee table 2.0,Approve
CJ260512-14-R141,Organize the coffee table 2.0,Approve
CJ260512-14-R142,Organize the coffee table 2.0,Approve
CJ260512-14-R143,Organize the coffee table 2.0,Imperfect
CJ260512-14-R144,Organize the coffee table 2.0,Imperfect
CJ260512-14-R145,Organize the coffee table 2.0,Approve
CJ260512-14-R146,Organize the coffee table 2.0,Approve
CJ260512-14-R147,Organize the coffee table 2.0,Approve
CJ260512-14-R148,Organize the coffee table 2.0,Approve
CJ260512-14-R149,Organize the coffee table 2.0,Approve
CJ260512-14-R151,Organize the coffee table 2.0,Imperfect
CJ260512-14-R152,Organize the coffee table 2.0,Approve
CJ260512-14-R153,Organize the coffee table 2.0,Imperfect
CJ260512-14-R154,Organize the coffee table 2.0,Approve
CJ260512-14-R155,Organize the coffee table 2.0,Approve
CJ260512-14-R156,Organize the coffee table 2.0,Imperfect
CJ260512-14-R157,Organize the coffee table 2.0,Approve
CJ260512-14-R158,Organize the coffee table 2.0,Approve
CJ260512-14-R159,Organize the coffee table 2.0,Approve
CJ260512-14-R160,Organize the coffee table 2.0,Approve
CJ260512-14-R161,Organize the coffee table 2.0,Approve
CJ260512-14-R162,Organize the coffee table 2.0,Approve
CJ260512-14-R163,Organize the coffee table 2.0,Approve
CJ260512-14-R164,Organize the coffee table 2.0,Imperfect
CJ260512-14-R165,Organize the coffee table 2.0,Approve
CJ260512-14-R166,Organize the coffee table 2.0,Approve
CJ260512-14-R167,Organize the coffee table 2.0,Approve
CJ260512-14-R168,Organize the coffee table 2.0,Approve
CJ260512-14-R169,Organize the coffee table 2.0,Approve
CJ260512-14-R170,Organize the coffee table 2.0,Approve
CJ260512-14-R171,Organize the coffee table 2.0,Approve
CJ260512-14-R172,Organize the coffee table 2.0,Approve
CJ260512-14-R173,Organize the coffee table 2.0,Approve
CJ260512-14-R174,Organize the coffee table 2.0,Approve
CJ260512-14-R175,Organize the coffee table 2.0,Approve
CJ260512-14-R176,Organize the coffee table 2.0,Approve
CJ260512-14-R177,Organize the coffee table 2.0,Approve
CJ260512-14-R178,Organize the coffee table 2.0,Imperfect
CJ260512-14-R179,Organize the coffee table 2.0,Approve
CJ260512-14-R180,Organize the coffee table 2.0,Approve
CJ260512-14-R181,Organize the coffee table 2.0,Approve
CJ260512-14-R182,Organize the coffee table 2.0,Approve
CJ260512-14-R183,Organize the coffee table 2.0,Approve
CJ260512-14-R184,Organize the coffee table 2.0,Imperfect
CJ260512-14-R185,Organize the coffee table 2.0,Approve
CJ260512-14-R186,Organize the coffee table 2.0,Approve
CJ260512-14-R187,Organize the coffee table 2.0,Approve
CJ260512-14-R188,Organize the coffee table 2.0,Approve
CJ260512-14-R189,Organize the coffee table 2.0,Imperfect
CJ260512-14-R190,Organize the coffee table 2.0,Approve
CJ260512-14-R191,Organize the coffee table 2.0,Approve
CJ260512-14-R192,Organize the coffee table 2.0,Approve
CJ260512-14-R193,Organize the coffee table 2.0,Imperfect
CJ260512-14-R194,Organize the coffee table 2.0,Approve
CJ260512-14-R195,Organize the coffee table 2.0,Approve
CJ260512-14-R196,Organize the coffee table 2.0,Imperfect
CJ260512-14-R198,Organize the coffee table 2.0,Approve
CJ260512-14-R199,Organize the coffee table 2.0,Approve
CJ260512-16-R1,Clean up the trash on the desktop,Imperfect
CJ260512-14-R200,Organize the coffee table 2.0,Approve
CJ260512-16-R11,Clean up the trash on the desktop,Approve
CJ260512-16-R12,Clean up the trash on the desktop,Approve
CJ260512-16-R13,Clean up the trash on the desktop,Approve
CJ260512-16-R14,Clean up the trash on the desktop,Reject
CJ260512-16-R15,Clean up the trash on the desktop,Approve
CJ260512-16-R18,Clean up the trash on the desktop,Reject
CJ260512-16-R19,Clean up the trash on the desktop,Reject
CJ260512-16-R2,Clean up the trash on the desktop,Imperfect
CJ260512-16-R20,Clean up the trash on the desktop,Approve
CJ260512-16-R21,Clean up the trash on the desktop,Approve
CJ260512-16-R22,Clean up the trash on the desktop,Approve
CJ260512-16-R23,Clean up the trash on the desktop,Reject
CJ260512-16-R24,Clean up the trash on the desktop,Approve
CJ260512-16-R25,Clean up the trash on the desktop,Approve
CJ260512-16-R26,Clean up the trash on the desktop,Imperfect
CJ260512-16-R3,Clean up the trash on the desktop,Reject
CJ260512-16-R4,Clean up the trash on the desktop,Reject
CJ260512-16-R5,Clean up the trash on the desktop,Approve
CJ260512-16-R6,Clean up the trash on the desktop,Reject
CJ260512-16-R7,Clean up the trash on the desktop,Reject
CJ260512-16-R8,Clean up the trash on the desktop,Reject
CJ260512-19-R100,Test tube sorting,Approve
CJ260512-19-R101,Test tube sorting,Approve
CJ260512-19-R102,Test tube sorting,Approve
CJ260512-19-R103,Test tube sorting,Approve
CJ260512-19-R104,Test tube sorting,Approve
CJ260512-19-R105,Test tube sorting,Approve
CJ260512-19-R109,Test tube sorting,Imperfect
CJ260512-19-R84,Test tube sorting,Approve
CJ260512-19-R85,Test tube sorting,Approve
CJ260512-19-R86,Test tube sorting,Approve
CJ260512-19-R88,Test tube sorting,Approve
CJ260512-19-R89,Test tube sorting,Approve
CJ260512-19-R91,Test tube sorting,Approve
CJ260512-19-R92,Test tube sorting,Imperfect
CJ260512-19-R95,Test tube sorting,Approve
CJ260512-19-R96,Test tube sorting,Approve
CJ260512-19-R98,Test tube sorting,Approve
CJ260512-20-R1,Test tube sorting,Approve
CJ260512-20-R10,Test tube sorting,Approve
CJ260512-20-R11,Test tube sorting,Approve
CJ260512-20-R12,Test tube sorting,Approve
CJ260512-20-R14,Test tube sorting,Imperfect
CJ260512-20-R17,Test tube sorting,Approve
CJ260512-20-R2,Test tube sorting,Approve
CJ260512-20-R21,Test tube sorting,Approve
CJ260512-20-R23,Test tube sorting,Approve
CJ260512-20-R24,Test tube sorting,Approve
CJ260512-20-R5,Test tube sorting,Approve
CJ260512-20-R8,Test tube sorting,Approve
CJ260512-20-R9,Test tube sorting,Approve
CJ260512-22-R26,Test tube sorting,Approve
CJ260512-22-R29,Test tube sorting,Approve
CJ260512-22-R30,Test tube sorting,Approve
CJ260512-22-R31,Test tube sorting,Approve
CJ260512-22-R32,Test tube sorting,Approve
CJ260512-22-R33,Test tube sorting,Approve
CJ260512-22-R34,Test tube sorting,Approve
CJ260512-22-R36,Test tube sorting,Approve
CJ260512-22-R37,Test tube sorting,Approve
CJ260512-22-R38,Test tube sorting,Approve
CJ260512-22-R41,Test tube sorting,Approve
CJ260512-22-R43,Test tube sorting,Approve
CJ260512-22-R44,Test tube sorting,Imperfect
CJ260512-22-R45,Test tube sorting,Approve
CJ260512-22-R46,Test tube sorting,Approve
CJ260512-23-R105,Folding clothes on the bed,Approve
CJ260512-23-R107,Folding clothes on the bed,Approve
CJ260512-23-R111,Folding clothes on the bed,Approve
CJ260512-23-R110,Folding clothes on the bed,Imperfect
CJ260512-23-R116,Folding clothes on the bed,Imperfect
CJ260512-23-R118,Folding clothes on the bed,Approve
CJ260512-23-R119,Folding clothes on the bed,Approve
CJ260512-23-R15,Folding clothes on the bed,Imperfect
CJ260512-23-R26,Folding clothes on the bed,Imperfect
CJ260512-23-R27,Folding clothes on the bed,Imperfect
CJ260512-23-R38,Folding clothes on the bed,Imperfect
CJ260512-23-R39,Folding clothes on the bed,Approve
CJ260512-23-R40,Folding clothes on the bed,Approve
CJ260512-23-R42,Folding clothes on the bed,Imperfect
CJ260512-23-R61,Folding clothes on the bed,Imperfect
CJ260512-23-R62,Folding clothes on the bed,Approve
CJ260512-23-R65,Folding clothes on the bed,Imperfect
CJ260512-23-R66,Folding clothes on the bed,Imperfect
CJ260512-23-R67,Folding clothes on the bed,Imperfect
CJ260512-23-R7,Folding clothes on the bed,Imperfect
CJ260512-24-R11,Folding clothes on the bed,Imperfect
CJ260512-23-R80,Folding clothes on the bed,Imperfect
CJ260512-24-R12,Folding clothes on the bed,Approve
CJ260512-24-R143,Folding clothes on the bed,Imperfect
CJ260512-24-R17,Folding clothes on the bed,Approve
CJ260512-24-R20,Folding clothes on the bed,Approve
CJ260512-24-R4,Folding clothes on the bed,Approve
CJ260512-24-R6,Folding clothes on the bed,Imperfect
CJ260512-31-R154,Pouring water in a tea restaurant,Approve
CJ260512-31-R45,Pouring water in a tea restaurant,Reject
CJ260512-31-R50,Pouring water in a tea restaurant,Reject
CJ260512-31-R51,Pouring water in a tea restaurant,Reject
CJ260512-31-R52,Pouring water in a tea restaurant,Reject
CJ260512-31-R53,Pouring water in a tea restaurant,Reject
CJ260513-14-R183,Clean up the trash on the desktop,Approve
CJ260513-14-R184,Clean up the trash on the desktop,Approve
CJ260513-14-R185,Clean up the trash on the desktop,Approve
CJ260513-14-R186,Clean up the trash on the desktop,Approve
CJ260513-14-R187,Clean up the trash on the desktop,Approve
CJ260513-14-R189,Clean up the trash on the desktop,Approve
CJ260513-14-R190,Clean up the trash on the desktop,Approve
CJ260513-14-R194,Clean up the trash on the desktop,Approve
CJ260513-14-R195,Clean up the trash on the desktop,Imperfect
CJ260513-14-R196,Clean up the trash on the desktop,Imperfect
CJ260513-14-R197,Clean up the trash on the desktop,Imperfect
CJ260513-14-R198,Clean up the trash on the desktop,Imperfect
CJ260513-14-R199,Clean up the trash on the desktop,Approve
CJ260513-14-R200,Clean up the trash on the desktop,Approve
CJ260513-15-R1,Clean up the trash on the desktop,Approve
CJ260513-15-R10,Clean up the trash on the desktop,Imperfect
CJ260513-15-R100,Clean up the trash on the desktop,Approve
CJ260513-15-R101,Clean up the trash on the desktop,Approve
CJ260513-15-R102,Clean up the trash on the desktop,Approve
CJ260513-15-R103,Clean up the trash on the desktop,Approve
CJ260513-15-R104,Clean up the trash on the desktop,Approve
CJ260513-15-R105,Clean up the trash on the desktop,Imperfect
CJ260513-15-R106,Clean up the trash on the desktop,Approve
CJ260513-15-R107,Clean up the trash on the desktop,Imperfect
CJ260513-15-R11,Clean up the trash on the desktop,Imperfect
CJ260513-15-R110,Clean up the trash on the desktop,Imperfect
CJ260513-15-R111,Clean up the trash on the desktop,Approve
CJ260513-15-R112,Clean up the trash on the desktop,Approve
CJ260513-15-R113,Clean up the trash on the desktop,Approve
CJ260513-15-R114,Clean up the trash on the desktop,Imperfect
CJ260513-15-R115,Clean up the trash on the desktop,Approve
CJ260513-15-R117,Clean up the trash on the desktop,Approve
CJ260513-15-R118,Clean up the trash on the desktop,Approve
CJ260513-15-R119,Clean up the trash on the desktop,Approve
CJ260513-15-R12,Clean up the trash on the desktop,Approve
CJ260513-15-R120,Clean up the trash on the desktop,Approve
CJ260513-15-R121,Clean up the trash on the desktop,Approve
CJ260513-15-R122,Clean up the trash on the desktop,Approve
CJ260513-15-R123,Clean up the trash on the desktop,Approve
CJ260513-15-R13,Clean up the trash on the desktop,Approve
CJ260513-15-R14,Clean up the trash on the desktop,Approve
CJ260513-15-R15,Clean up the trash on the desktop,Imperfect
CJ260513-15-R16,Clean up the trash on the desktop,Imperfect
CJ260513-15-R17,Clean up the trash on the desktop,Reject
CJ260513-15-R18,Clean up the trash on the desktop,Approve
CJ260513-15-R19,Clean up the trash on the desktop,Approve
CJ260513-15-R2,Clean up the trash on the desktop,Imperfect
CJ260513-15-R20,Clean up the trash on the desktop,Approve
CJ260513-15-R21,Clean up the trash on the desktop,Approve
CJ260513-15-R24,Clean up the trash on the desktop,Approve
CJ260513-15-R22,Clean up the trash on the desktop,Approve
CJ260513-15-R25,Clean up the trash on the desktop,Approve
CJ260513-15-R26,Clean up the trash on the desktop,Imperfect
CJ260513-15-R27,Clean up the trash on the desktop,Approve
CJ260513-15-R28,Clean up the trash on the desktop,Imperfect
CJ260513-15-R29,Clean up the trash on the desktop,Approve
CJ260513-15-R3,Clean up the trash on the desktop,Approve
CJ260513-15-R30,Clean up the trash on the desktop,Imperfect
CJ260513-15-R31,Clean up the trash on the desktop,Approve
CJ260513-15-R32,Clean up the trash on the desktop,Approve
CJ260513-15-R33,Clean up the trash on the desktop,Approve
CJ260513-15-R34,Clean up the trash on the desktop,Approve
CJ260513-15-R35,Clean up the trash on the desktop,Approve
CJ260513-15-R36,Clean up the trash on the desktop,Approve
CJ260513-15-R38,Clean up the trash on the desktop,Approve
CJ260513-15-R37,Clean up the trash on the desktop,Approve
CJ260513-15-R39,Clean up the trash on the desktop,Approve
CJ260513-15-R4,Clean up the trash on the desktop,Approve
CJ260513-15-R40,Clean up the trash on the desktop,Approve
CJ260513-15-R41,Clean up the trash on the desktop,Approve
CJ260513-15-R42,Clean up the trash on the desktop,Approve
CJ260513-15-R43,Clean up the trash on the desktop,Approve
CJ260513-15-R44,Clean up the trash on the desktop,Approve
CJ260513-15-R45,Clean up the trash on the desktop,Approve
CJ260513-15-R46,Clean up the trash on the desktop,Approve
CJ260513-15-R47,Clean up the trash on the desktop,Approve
CJ260513-15-R48,Clean up the trash on the desktop,Imperfect
CJ260513-15-R49,Clean up the trash on the desktop,Approve
CJ260513-15-R50,Clean up the trash on the desktop,Imperfect
CJ260513-15-R5,Clean up the trash on the desktop,Approve
CJ260513-15-R51,Clean up the trash on the desktop,Approve
CJ260513-15-R52,Clean up the trash on the desktop,Approve
CJ260513-15-R53,Clean up the trash on the desktop,Approve
CJ260513-15-R54,Clean up the trash on the desktop,Approve
CJ260513-15-R55,Clean up the trash on the desktop,Approve
CJ260513-15-R58,Clean up the trash on the desktop,Imperfect
CJ260513-15-R59,Clean up the trash on the desktop,Reject
CJ260513-15-R6,Clean up the trash on the desktop,Approve
CJ260513-15-R60,Clean up the trash on the desktop,Approve
CJ260513-15-R61,Clean up the trash on the desktop,Approve
CJ260513-15-R62,Clean up the trash on the desktop,Approve
CJ260513-15-R63,Clean up the trash on the desktop,Imperfect
CJ260513-15-R64,Clean up the trash on the desktop,Approve
CJ260513-15-R65,Clean up the trash on the desktop,Approve
CJ260513-15-R68,Clean up the trash on the desktop,Approve
CJ260513-15-R69,Clean up the trash on the desktop,Approve
CJ260513-15-R7,Clean up the trash on the desktop,Approve
CJ260513-15-R70,Clean up the trash on the desktop,Approve
CJ260513-15-R71,Clean up the trash on the desktop,Approve
CJ260513-15-R72,Clean up the trash on the desktop,Approve
CJ260513-15-R73,Clean up the trash on the desktop,Approve
CJ260513-15-R74,Clean up the trash on the desktop,Reject
CJ260513-15-R75,Clean up the trash on the desktop,Approve
CJ260513-15-R76,Clean up the trash on the desktop,Approve
CJ260513-15-R78,Clean up the trash on the desktop,Approve
CJ260513-15-R79,Clean up the trash on the desktop,Approve
CJ260513-15-R8,Clean up the trash on the desktop,Approve
CJ260513-15-R80,Clean up the trash on the desktop,Approve
CJ260513-15-R81,Clean up the trash on the desktop,Approve
CJ260513-15-R82,Clean up the trash on the desktop,Approve
CJ260513-15-R83,Clean up the trash on the desktop,Imperfect
CJ260513-15-R84,Clean up the trash on the desktop,Approve
CJ260513-15-R85,Clean up the trash on the desktop,Approve
CJ260513-15-R86,Clean up the trash on the desktop,Approve
CJ260513-15-R87,Clean up the trash on the desktop,Approve
CJ260513-15-R88,Clean up the trash on the desktop,Approve
CJ260513-15-R89,Clean up the trash on the desktop,Approve
CJ260513-15-R9,Clean up the trash on the desktop,Approve
CJ260513-15-R90,Clean up the trash on the desktop,Approve
CJ260513-15-R91,Clean up the trash on the desktop,Approve
CJ260513-15-R92,Clean up the trash on the desktop,Approve
CJ260513-15-R93,Clean up the trash on the desktop,Approve
CJ260513-15-R94,Clean up the trash on the desktop,Approve
CJ260513-15-R95,Clean up the trash on the desktop,Approve
CJ260513-15-R96,Clean up the trash on the desktop,Approve
CJ260513-15-R97,Clean up the trash on the desktop,Approve
CJ260513-15-R98,Clean up the trash on the desktop,Approve
CJ260513-17-R114,Pouring water in a tea restaurant,Approve
CJ260513-17-R116,Pouring water in a tea restaurant,Approve
CJ260513-17-R194,Pouring water in a tea restaurant,Approve
CJ260513-17-R195,Pouring water in a tea restaurant,Approve
CJ260513-17-R197,Pouring water in a tea restaurant,Imperfect
CJ260513-17-R198,Pouring water in a tea restaurant,Approve
CJ260513-17-R199,Pouring water in a tea restaurant,Reject
CJ260513-17-R72,Pouring water in a tea restaurant,Reject
CJ260513-17-R74,Pouring water in a tea restaurant,Imperfect
CJ260513-17-R75,Pouring water in a tea restaurant,Reject
CJ260513-17-R83,Pouring water in a tea restaurant,Imperfect
CJ260513-17-R88,Pouring water in a tea restaurant,Approve
CJ260513-17-R94,Pouring water in a tea restaurant,Reject
CJ260513-18-R119,Pouring water in a tea restaurant,Approve
CJ260513-18-R120,Pouring water in a tea restaurant,Approve
CJ260513-18-R121,Pouring water in a tea restaurant,Approve
CJ260513-18-R122,Pouring water in a tea restaurant,Reject
CJ260513-18-R123,Pouring water in a tea restaurant,Approve
CJ260513-18-R124,Pouring water in a tea restaurant,Reject
CJ260513-18-R125,Pouring water in a tea restaurant,Imperfect
CJ260513-18-R126,Pouring water in a tea restaurant,Reject
CJ260513-18-R127,Pouring water in a tea restaurant,Reject
CJ260513-18-R128,Pouring water in a tea restaurant,Reject
CJ260513-18-R129,Pouring water in a tea restaurant,Approve
CJ260513-18-R130,Pouring water in a tea restaurant,Approve
CJ260513-18-R131,Pouring water in a tea restaurant,Reject
CJ260513-18-R132,Pouring water in a tea restaurant,Approve
CJ260513-18-R154,Pouring water in a tea restaurant,Approve
CJ260513-18-R156,Pouring water in a tea restaurant,Approve
CJ260513-18-R162,Pouring water in a tea restaurant,Approve
CJ260513-18-R166,Pouring water in a tea restaurant,Approve
CJ260513-18-R167,Pouring water in a tea restaurant,Approve
CJ260513-18-R170,Pouring water in a tea restaurant,Approve
CJ260513-18-R173,Pouring water in a tea restaurant,Approve
CJ260513-18-R181,Pouring water in a tea restaurant,Approve
CJ260513-18-R182,Pouring water in a tea restaurant,Approve
CJ260513-18-R183,Pouring water in a tea restaurant,Approve
CJ260513-18-R184,Pouring water in a tea restaurant,Reject
CJ260513-18-R190,Pouring water in a tea restaurant,Approve
CJ260513-19-R1,Pouring water in a tea restaurant,Approve
CJ260513-19-R10,Pouring water in a tea restaurant,Approve
CJ260513-19-R11,Pouring water in a tea restaurant,Approve
CJ260513-19-R12,Pouring water in a tea restaurant,Approve
CJ260513-19-R15,Pouring water in a tea restaurant,Approve
CJ260513-19-R17,Pouring water in a tea restaurant,Approve
CJ260513-19-R18,Pouring water in a tea restaurant,Approve
CJ260513-19-R2,Pouring water in a tea restaurant,Approve
CJ260513-19-R21,Pouring water in a tea restaurant,Approve
CJ260513-19-R26,Pouring water in a tea restaurant,Approve
CJ260513-19-R29,Pouring water in a tea restaurant,Approve
CJ260513-19-R33,Pouring water in a tea restaurant,Approve
CJ260513-19-R4,Pouring water in a tea restaurant,Imperfect
CJ260513-19-R40,Pouring water in a tea restaurant,Approve
CJ260513-19-R42,Pouring water in a tea restaurant,Approve
CJ260513-19-R44,Pouring water in a tea restaurant,Reject
CJ260513-19-R45,Pouring water in a tea restaurant,Approve
CJ260513-19-R48,Pouring water in a tea restaurant,Imperfect
CJ260513-19-R49,Pouring water in a tea restaurant,Approve
CJ260513-19-R5,Pouring water in a tea restaurant,Approve
CJ260513-19-R52,Pouring water in a tea restaurant,Approve
CJ260513-19-R53,Pouring water in a tea restaurant,Approve
CJ260513-19-R55,Pouring water in a tea restaurant,Approve
CJ260513-19-R56,Pouring water in a tea restaurant,Approve
CJ260513-19-R6,Pouring water in a tea restaurant,Approve
CJ260513-19-R9,Pouring water in a tea restaurant,Approve
CJ260514-1-R158,Test tube sorting,Approve
CJ260514-1-R159,Test tube sorting,Approve
CJ260514-1-R160,Test tube sorting,Approve
CJ260514-1-R161,Test tube sorting,Approve
CJ260514-1-R162,Test tube sorting,Reject
CJ260514-1-R163,Test tube sorting,Approve
CJ260514-1-R165,Test tube sorting,Approve
CJ260514-1-R167,Test tube sorting,Reject
CJ260514-1-R172,Test tube sorting,Approve
CJ260514-1-R176,Test tube sorting,Imperfect
CJ260514-1-R177,Test tube sorting,Reject
CJ260514-1-R178,Test tube sorting,Imperfect
CJ260514-1-R179,Test tube sorting,Imperfect
CJ260514-1-R180,Test tube sorting,Imperfect
CJ260514-1-R182,Test tube sorting,Approve
CJ260514-1-R183,Test tube sorting,Approve
CJ260514-1-R184,Test tube sorting,Imperfect
CJ260514-1-R185,Test tube sorting,Approve
CJ260514-1-R187,Test tube sorting,Approve
CJ260514-1-R188,Test tube sorting,Approve
CJ260514-1-R189,Test tube sorting,Approve
CJ260514-1-R191,Test tube sorting,Approve
CJ260514-1-R192,Test tube sorting,Approve
CJ260514-1-R193,Test tube sorting,Approve
CJ260514-1-R196,Test tube sorting,Approve
CJ260514-1-R197,Test tube sorting,Approve
CJ260512-20-R13,Test tube sorting,Approve
CJ260512-23-R88,Folding clothes on the bed,Imperfect
CJ260513-19-R13,Pouring water in a tea restaurant,Approve
CJ260513-19-R19,Pouring water in a tea restaurant,Approve
CJ260513-19-R20,Pouring water in a tea restaurant,Approve
CJ260513-19-R23,Pouring water in a tea restaurant,Reject
CJ260513-19-R32,Pouring water in a tea restaurant,Approve
CJ260513-19-R34,Pouring water in a tea restaurant,Imperfect
CJ260513-19-R35,Pouring water in a tea restaurant,Approve
CJ260513-19-R37,Pouring water in a tea restaurant,Approve
CJ260513-19-R51,Pouring water in a tea restaurant,Approve
